
insert into users (id, firstname, lastname, email, password_hash, phone)
VALUES 
("1","Clara","Cassin","ibrahim85@example.com","d2e7fc62c1caf68136fe6ccb8a1c099ac241cde0","89768105622"),
("2","Noble","Jones","shields.alena@example.net","bf8c98c5ea1c6dcfc8e059acf53e2411fe6e994f","89613871449"),
("3","Ubaldo","Turcotte","priscilla.raynor@example.org","867b34a9d78854cca6f72de5df2f634d14a018c7","89024069615"),
("4","Zetta","Bashirian","ehansen@example.com","b0a9aef0addd3e27c2b67832f2e066ee1addee73","89285456039"),
("5","Domenick","Rosenbaum","yost.harmon@example.com","3209ae78631cb9dc2e92da36c4ad0945bd717312","89210859620"),
("6","Kendra","Swift","xconn@example.net","289b8f0607f2146a203b1bb3d1b7ba41e76ca76f","89501262134"),
("7","Alford","Homenick","maggio.alysson@example.org","48f6a59c4cc0f49231156c0ffe1c4c9fb4e0906d","89022712930"),
("8","Tara","West","brath@example.org","233a669f125857fe706477bc8fd80a9d61d94214","89693774602"),
("9","Madonna","Rempel","jayme49@example.com","6d2734f0bf1943c23ef6a84eab1b2036e39a4a8c","89504237433"),
("10","Bradford","Reichel","rath.wilber@example.com","789ada3b3e251c902083af1522c66d64307cd062","89319917459"),
("11","Eveline","West","jstehr@example.net","85aa45c73c9ec23f1a781dddd8340cd1f1bbca01","89074725452"),
("12","Mackenzie","Buckridge","rodrick.bernhard@example.org","61ebc1c92334a5f2b614adf995c7e647ee09398c","89162580860"),
("13","Gwendolyn","Kreiger","denesik.merlin@example.net","f31e0f54a83927b8cf2a4550f65e9ad57fe2dfaa","89765365097"),
("14","Leta","Ritchie","gmcclure@example.net","7a0e2fb29800da3d85a4c3febb2299f1ba7e52e6","89605561817"),
("15","Eldora","McCullough","isabella42@example.net","e23d6e8b7cede9e64fe47028ddccc27c4ccbcb2f","89800994623"),
("16","Craig","Gerhold","mathias20@example.net","837984b963caa34b4f3ca0c529647510a79cc550","89173459293"),
("17","Gussie","Dibbert","cayla.rowe@example.net","b0369f7b8dc2c94f16fe30354cfad8bcdb5b64a9","89290353994"),
("18","Elijah","Stokes","claud.hirthe@example.net","b4b10b3bb17467f53a743495c7dff79b52753e32","89666861732"),
("19","Rahsaan","Kulas","mertie.kshlerin@example.org","2a86510f974df5fd6db4e9e4a0a1a051ac3c894a","89116595733"),
("20","Oda","Torphy","okuneva.jailyn@example.org","90a25d3e591759ae580a70e970976fd48904d749","89690387238"),
("21","Arthur","Watsica","bglover@example.com","cb802fd0ee8ab62b6b20cf1223e5dd77b9fa8158","89668826811"),
("22","Kayla","Ryan","xjakubowski@example.net","bf40367d125ad2aa77f8a5eccf6f14245a2b0e97","89955139650"),
("23","Braeden","Runolfsdottir","cassin.deion@example.net","6cd3abf669b42aba37f656945078e55cb8102f3a","89284879067"),
("24","Keeley","Jones","theodora.morar@example.com","fd92be86a97042181904d2102684be9022e16556","89031064417"),
("25","Delfina","Daniel","lorenz.quitzon@example.org","dc5d01abe58d3843082c64e9393caed23825d7e9","89250536430"),
("26","Archibald","Goyette","jennings55@example.org","9f85002c67b1215e8446a63a40b772987691d080","89749847218"),
("27","Nadia","Wehner","steuber.charlene@example.net","821841fc07ce01232cc20cdc4c7b85af2c80ffc5","89780303162"),
("28","Trinity","Johnson","volkman.khalid@example.com","a9455aacc8dfb2612916b84d21149cc88d2e009b","89497519113"),
("29","Willa","Altenwerth","haleigh.volkman@example.org","a8ec98eb818ed3330026b658ec600f3e156d2f8a","89836264598"),
("30","Hailee","Kuhn","amira.lynch@example.net","a3583291ec86baa8ba6f4ec1df55e4cd03694075","89305430980"),
("31","Sedrick","Balistreri","pschuppe@example.org","4855a6abe6df52face579a2e925f635f969dff1c","89554998230"),
("32","Rodrigo","Cummings","ssmith@example.org","f176d6c40f141bb2237bdb7f819cf41ca1856d03","89195397049"),
("33","Bryon","Schimmel","urunolfsdottir@example.org","83a0068d7874c9973f914eee88899276031af9a1","89869895799"),
("34","Guiseppe","Kulas","dillon93@example.com","fb4b4ee90f6405fa012f8c374d1c6a4d9258b24b","89806763640"),
("35","Clovis","Terry","reynolds.madelyn@example.net","703cde21708bfacc930b05ef4c3cdeb586dbc0c3","89201865933"),
("36","Amya","Rogahn","katarina.grant@example.net","ad0f0af61a304ac9c00e65f539f78def5d85d6f7","89131811064"),
("37","Edna","Bayer","afunk@example.com","faf04982e77e8840b831422deb67dcf1c6ec4c6f","89758445411"),
("38","Hugh","Larkin","oconn@example.org","d9d8f5772977b92874417e9c7f2f41505b879eba","89991759173"),
("39","Christian","Johnson","ila59@example.org","342ad99a4276432bdf3bb60f0e6cd6e31bbaf1fc","89029254138"),
("40","Miguel","Luettgen","raltenwerth@example.net","09edf9b3a21a489ea6506bb726d80feb878bcd1e","89272307865"),
("41","Haskell","Treutel","keira58@example.org","67e9ee0823b0796d67685eb4569d797802763f30","89297992669"),
("42","Georgiana","Harber","jeramy.block@example.com","35c2f547dff7bef6d31d010944eee02230595c4b","89187706883"),
("43","Savanna","Williamson","ned.schneider@example.net","c24f7b05b7f6e98ad18e0d57aadec745d3c1c522","89334565240"),
("44","Josefina","Jenkins","haylie.hettinger@example.net","fbc3e447c35d6aa4e5cc5c79dc79ebb69361cfd9","89636740724"),
("45","Mae","Labadie","maltenwerth@example.org","d3b6af1bbeb9bca0cb2a4cf8ed6dd194bcd65827","89311451969"),
("46","Melany","Jast","kemmer.justyn@example.org","c6b1428425049ce7760d78994634536d55b913f6","89872321417"),
("47","Susan","Kreiger","gregoria.torp@example.com","9ec63f9ce49df04a133ea67b22544b171e44f0c0","89387826670"),
("48","Sharon","Spinka","jsanford@example.com","c04cffd153c35fa02ea8f04e303080cd6b7722a6","89322031474"),
("49","Haley","Wilkinson","domenica70@example.org","1c434a4b95753d43232588aec62b54d5bb1ca76f","89644909612"),
("50","Toni","O'Reilly","sophie.green@example.org","58720883de3c06f6d445d8b023c08d5f957691bf","89629568636"),
("51","Maia","Kirlin","abigail.hilpert@example.com","5c41ad9a04886928b0d36ff87fa4eeef8a6c45ac","89505789229"),
("52","Abelardo","Feeney","devante06@example.com","7a40e1afd3d44e185f43b0ae84028a3bbd5e3583","89785842761"),
("53","Eleazar","Toy","norbert14@example.com","f06cf517086fd246d6f364bb581dc467b7601fbb","89777880784"),
("54","Sadye","Kemmer","krosenbaum@example.net","c1d4733b96418f9535de4228fa663f72ba7d8c89","89307902085"),
("55","Myles","Hane","mmayer@example.com","8fc37f8dbabdfa9306993af7e0d8748706391010","89273964519"),
("56","Silas","Weber","nigel35@example.org","07a9d640188c18cde54be3dac4a6b8af4ab8c2e8","89405792344"),
("57","Kaley","Harris","fhauck@example.org","1079e369a1d2ac8f2c1d617f07770f1d046d2242","89003748240"),
("58","Walton","Champlin","wintheiser.lizeth@example.net","1daf1f8661f1cc8ec81fc8d282c18d9ed02502b9","89723367866"),
("59","Van","Jacobs","darrick85@example.net","b86357444df1b3d8ae8806c9fd3f28cce0e87cf8","89476927494"),
("60","Scot","Reinger","raquel56@example.com","17599dfc472ec5237520ea14283560c3c4a1401b","89299187192"),
("61","Quinten","Hessel","roberts.camren@example.com","429f775a8fe98549cfd7631f4e79964681707709","89240225781"),
("62","Mariela","Schmidt","justyn.connelly@example.net","99f647004c39e920552d8d2ffe632ea1413b877e","89767562722"),
("63","Sabrina","Steuber","weissnat.jackeline@example.net","e06c669a22ae2d4408514c8dcf23358de7304b52","89022881165"),
("64","Jedediah","Kulas","rolfson.karlee@example.org","81ad5598815e96437dd552d2117ea00266c030cf","89919856090"),
("65","Crystel","Marks","bartell.elwyn@example.org","45c312052fcafbc2ba98f69437a903150cacaae6","89520067526"),
("66","Luciano","Kemmer","nia.stark@example.com","149eb4c877fedfa9f1da2bc0653d50e1870bf1ec","89826093449"),
("67","Coy","Howe","ywilliamson@example.org","a393d069e35d030e6b36bf118ab5073414f037ff","89731923582"),
("68","Dana","Denesik","magnolia.mueller@example.net","91e3fb7cdfe0bab5a3e751b0d0257d1f3ea9c0ce","89651285209"),
("69","Bertram","Schuster","zackery60@example.com","826d3a4321ac64e4bb05839da3f244b147382fed","89802830670"),
("70","Adolph","Stehr","lera67@example.org","35e44ad3040f12994f47e5d4344b583a96e7d255","89555596380"),
("71","Casey","Gutmann","tromp.aidan@example.net","6338919a285670e6670134213378d537505015de","89016394353"),
("72","Jesse","Wisoky","dach.kenneth@example.com","de0297cfc3b693fa8798e3e2c1ba073cb5bcb283","89920250274"),
("73","Beau","Hermiston","dustin30@example.com","2efbd4d19cf0194557b83f25c973eaf40887cece","89911892311"),
("74","Emiliano","Gislason","morissette.madelynn@example.net","4dd86db332bc64fc7e2a6376692fde68e0210a91","89229926073"),
("75","Scarlett","Carter","andre23@example.com","9b616fa9d7e0de1dc2bb5196f82f59c110fd0ade","89091593041"),
("76","Miracle","Kautzer","kailey.jerde@example.org","2b3a2fd2c445e25bb912ae2a9f3e316224c3a455","89562015092"),
("77","Darion","Mann","cruickshank.wanda@example.net","73760fa250ae52281f9b54bf9466e6732e15fd46","89193199329"),
("78","Casimir","Wintheiser","stracke.ashley@example.com","30f45bdfb82473c5b99654132e6b4e0a25f2e7e6","89246533389"),
("79","Dillon","Boehm","bins.barbara@example.net","2dc9d2eb60ac6179caab1802069d19d7c872e2c7","89850886847"),
("80","Cali","Predovic","lebsack.aaliyah@example.net","00fc8cae0d711db73aade5d364c502183257d2d9","89669100367"),
("81","Melany","Wiegand","lillie11@example.com","5576987798a882835dd9e7966287db5d4dcd44eb","89955923473"),
("82","Karen","Orn","amos.howell@example.net","ce7ae1bdf8649b7df9997c80767270a878180781","89543214336"),
("83","Christopher","Beier","schamberger.jacques@example.org","ca2f473804bad6018a4cb9bf3e710448a3b0a786","89620068250"),
("84","Herminia","Walker","russel.fadel@example.org","07b6b7028e934f24eae19e9f2f3b7c0f631f52b3","89709845232"),
("85","Patience","Powlowski","troy.bahringer@example.com","07d571899cc717f18c41476f4563815ba17cef06","89886974223"),
("86","Brigitte","Wilkinson","yschumm@example.net","c914a5475b8e2457ef38b25c9cc7aad6f1d41313","89206140079"),
("87","Wilber","Orn","hipolito.pagac@example.org","f15d3888cc914239aad788163bac40f560193c82","89394252108"),
("88","Veronica","Sipes","schmidt.ronny@example.org","9a62200bbd86b9ee9f402d30e8162d404e123f71","89638116963"),
("89","Kenya","Adams","kathryn.murazik@example.com","255335edf721d00bfb44c33e089396521136727e","89686752307"),
("90","Duane","Klocko","abbie.von@example.org","87f607c4ec9df488583aeae6ed44199d4299571d","89667870695"),
("91","Wendell","Weber","kayleigh.schiller@example.net","42d707741e6310fb75930cd68fba3d1f4773ed0e","89417215056"),
("92","Deion","Prosacco","cullen62@example.com","d18f9c9428d8a6d3ff3813ea2128b9e8611dee6e","89088740803"),
("93","Aleen","Gorczany","rlabadie@example.com","edaab898c23a271095a50ee307422765127ab3fb","89942616975"),
("94","Aliya","Zieme","d'amore.priscilla@example.org","383acb4026aeea6167af7dd162437c2f9a1ad8ba","89787481104"),
("95","Leland","Cormier","cecilia93@example.com","bc779401bf029c079923eded96b337092538f4ab","89996685508"),
("96","Vivianne","Hilpert","monserrat.monahan@example.net","561135a04c8db0a47e5acc8be642a286d3f335c6","89200376471"),
("97","Thad","Bednar","buddy75@example.com","478e686a03f1bbff77a5c4aa7af4de20b18c8636","89200068137"),
("98","Lydia","Dickens","sherman.vonrueden@example.com","fb4e558296366cdd1da2f4debd1e6ea50e1ea159","89082813973"),
("99","Alexanne","Rohan","alf.kshlerin@example.net","e866cb15b62854dad8efe5e23598b7cf763cae5e","89257692476"),
("100","Darlene","Watsica","chloe.murray@example.net","c3dd20450df80990c9540612b719ab9222131d43","89020323191");

insert into profiles 
VALUES 
('1', NULL, '2019-10-07', '1', '1986-04-05 07:18:23', NULL),
('2', NULL, '1983-03-28', '2', '2000-07-11 22:55:53', NULL),
('3', NULL, '1983-03-07', '3', '1974-03-06 15:10:28', NULL),
('4', NULL, '1980-06-28', '4', '1994-10-27 09:46:12', NULL),
('5', NULL, '1991-05-20', '5', '1975-09-05 01:18:37', NULL),
('6', NULL, '2019-12-10', '6', '2020-11-06 21:48:39', NULL),
('7', NULL, '2009-07-22', '7', '2019-03-06 23:29:23', NULL),
('8', NULL, '2009-10-01', '8', '1971-08-01 16:29:31', NULL),
('9', NULL, '1994-03-26', '9', '1990-11-30 10:24:57', NULL),
('10', NULL, '1974-12-06', '10', '2015-09-27 21:32:49', NULL);

select firstname
from users;

INSERT INTO communities (`id`, `name`, `admin_user_id`) 
VALUES 
('1', 'veniam', '1'),
('2', 'adipisci', '2'),
('3', 'minus', '3'),
('4', 'dolorem', '4'),
('5', 'inventore', '5'),
('6', 'maxime', '6'),
('7', 'aspernatur', '7'),
('8', 'laboriosam', '8'),
('9', 'aut', '9'),
('10', 'ab', '10');

INSERT INTO media_types (`id`, `name`, `created_at`, `updated_at`) 
VALUES 
('1', 'Albert', '1976-09-30 23:47:16', '1970-06-13 14:45:46'),
('2', 'Julia', '1991-06-13 03:19:18', '2003-12-19 07:20:54'),
('3', 'Ivan', '2016-02-06 04:35:31', '1991-08-22 13:59:16'),
('4', 'Kirill', '1977-10-04 10:41:32', '1983-08-20 04:59:17');

INSERT INTO media (`id`, `media_type_id`, `user_id`, `body`, `filename`, `size`, `metadata`, `created_at`, `updated_at`) 
VALUES 
('1', '1', '1', 'Eos explicabo vitae vero minima. Aspernatur eveniet qui labore rem ut quis. Ratione tenetur laboriosam deleniti et nisi qui. Qui similique sed et nihil optio dignissimos pariatur.', 'et', 11882, NULL, '1994-11-30 18:35:52', '1973-08-23 05:57:55'),
('2', '2', '2', 'Eum eos eius labore minus. Eum eveniet ipsa eligendi.', 'optio', 2, NULL, '2017-08-30 17:48:14', '1976-06-23 19:18:01'),
('3', '3', '3', 'Nulla laborum quia commodi in. Et itaque non quam repellat velit at sit iure. Debitis unde voluptatem sed facere. Rerum quis et itaque ipsa neque similique. Voluptas est temporibus error.', 'rem', 9, NULL, '2016-01-29 01:41:05', '1997-05-08 09:25:25'),
('4', '4', '4', 'Sit voluptas blanditiis perspiciatis. Neque similique consequuntur perspiciatis. Unde cupiditate voluptatem id iure debitis dignissimos est. Eum nihil alias et et aut itaque.', 'voluptas', 0, NULL, '1972-06-19 07:18:29', '2004-01-23 00:10:35'),
('5', '1', '5', 'Aut sit debitis minus omnis. Facere illum ut corporis nostrum accusantium qui blanditiis temporibus. Ea natus ipsam quam expedita autem. Id reprehenderit qui a vel. Id dolore dolor harum eveniet rerum.', 'quas', 304913462, NULL, '2011-06-02 09:02:29', '2015-12-28 03:41:45'),
('6', '2', '6', 'Voluptatem explicabo aut delectus repudiandae debitis molestiae. Dolores dignissimos occaecati hic voluptatem dolorem repellendus ipsam. Nesciunt distinctio maxime dolor dolorem accusantium hic et. Velit in incidunt sunt et veniam.', 'quae', 2, NULL, '2005-01-09 20:00:53', '1988-09-11 13:12:22'),
('7', '3', '7', 'Adipisci voluptate qui id neque aspernatur. Et sed voluptas aspernatur recusandae ipsa magnam. Est quo accusamus atque deleniti maxime perspiciatis iusto.', 'soluta', 0, NULL, '2019-01-03 05:13:41', '1991-06-24 18:08:05'),
('8', '4', '8', 'Ea earum dolorum similique harum quo. Totam commodi quo et esse ipsa sit commodi. Amet reiciendis quia provident porro voluptatibus.', 'blanditiis', 926, NULL, '2016-01-08 20:34:22', '1977-04-20 00:05:42'),
('9', '1', '9', 'Id nesciunt est aliquam atque. Ducimus eos omnis ducimus recusandae id id est. Et sapiente labore et et ut.', 'libero', 657755, NULL, '1973-07-28 08:11:31', '1998-06-05 10:49:20'),
('10', '2', '10', 'Itaque pariatur cupiditate excepturi voluptatem dolores. Voluptatem est perspiciatis ut quod a non magni amet. Nam dignissimos fugit ad molestiae voluptas illum ipsa. Dolorum aut deserunt voluptas animi est ea repellendus. Iusto est enim voluptatem voluptatibus officia natus.', 'non', 540450, NULL, '2012-05-06 23:19:41', '2016-03-19 03:53:14');

INSERT INTO likes (`id`, `user_id`, `media_id`, `created_at`) 
VALUES 
('1', '1', '1', '1998-04-28 04:42:05'),
('2', '2', '2', '1983-07-24 09:01:29'),
('3', '3', '3', '1995-12-08 07:18:15'),
('4', '4', '4', '2002-07-05 13:49:50'),
('5', '5', '5', '1977-05-26 12:55:33'),
('6', '6', '6', '2019-06-19 14:30:55'),
('7', '7', '7', '1983-03-28 00:12:17'),
('8', '8', '8', '2003-05-06 08:19:09'),
('9', '9', '9', '1981-01-31 06:30:44'),
('10', '10', '10', '2008-11-23 12:35:19');


insert into users_communities 
(`user_id`, `community_id`) 
VALUES 
('1', '1'),
('2', '2'),
('3', '3'),
('4', '4'),
('5', '5'),
('6', '6'),
('7', '7'),
('8', '8'),
('9', '9'),
('10', '10');

INSERT INTO messages (`id`, `from_user_id`, `to_user_id`, `body`, `created_at`) 
VALUES 
('1', '1', '1', 'Quia tempora animi minus autem officia. Ducimus vero odio delectus accusamus repudiandae quae. Reprehenderit alias eos quidem in non facere placeat dolorum. Consequatur similique dolorem saepe. Consectetur est cum esse qui consequuntur.', '2002-03-03 19:20:52'),
('2', '2', '2', 'Quia in aut natus explicabo. Eaque eius eius enim rerum atque tempora beatae. Sit voluptatem dignissimos voluptatem minus doloribus.', '2002-04-17 20:39:55'),
('3', '3', '3', 'Et facilis et maxime quis aut. Iste voluptatum quis quidem error saepe voluptate. Quia est omnis earum eum minima. Aut doloremque impedit corrupti mollitia fugiat.', '1988-08-08 07:55:43'),
('4', '4', '4', 'Ducimus nesciunt odit cum sed a ipsam fugit. Illum modi voluptates omnis iusto quod enim aliquid et. Et ratione quo nulla ipsam reprehenderit et maiores. In officiis et minus voluptas sit iusto ea. Qui tenetur esse omnis non eaque.', '2000-10-24 13:30:06'),
('5', '5', '5', 'Aliquid eius et totam quaerat non et. Voluptatem veritatis deserunt doloremque doloremque.', '1974-07-27 18:45:05'),
('6', '6', '6', 'Dolores error doloremque consequatur. Ea nesciunt molestiae alias unde ut doloremque soluta. Maxime iure iusto aspernatur illo in aut minima omnis. Fugiat aliquam voluptate dolorem recusandae non non ipsam. Iste nihil nisi provident molestiae voluptatem.', '1991-03-01 00:20:21'),
('7', '7', '7', 'Iure consequatur voluptas excepturi enim ut ab. Perspiciatis at animi esse dolorem hic occaecati sunt aut. Laborum non non qui autem rerum nulla. Harum autem delectus in eum omnis earum.', '2014-12-20 17:15:16'),
('8', '8', '8', 'Sed debitis doloribus ullam laborum eum quidem repellat necessitatibus. In ipsum ab reprehenderit eius rerum. Autem et consequatur vero tempore dolorem. Et magni voluptas dolore aut.', '1992-03-02 13:19:06'),
('9', '9', '9', 'Qui fugit nisi est ex. Sit vitae pariatur pariatur impedit. Qui nam consequatur laboriosam est vitae ea id. Qui expedita porro qui. Nam perspiciatis fugiat exercitationem necessitatibus aut saepe.', '1973-05-15 06:26:08'),
('10', '10', '10', 'In velit quod accusamus est voluptates aut iure. Ut reiciendis molestiae suscipit et ipsam. Pariatur sit asperiores aut doloremque eos.', '2014-03-21 05:01:23');

INSERT INTO photo_albums (`id`, `name`, `user_id`) 
VALUES 
('1', 'Clara', '1'),
('2', 'Noble', '2'),
('3', 'Ubaldo', '3'),
('4', 'Zetta', '4'),
('5', 'Domenick', '5'),
('6', 'Kendra', '6'),
('7', 'Alford', '7'),
('8', 'Tara', '8'),
('9', 'Madonna', '9'),
('10', 'Bradford', '10');

INSERT INTO photos (`id`, `album_id`, `media_id`) 
VALUES 
('1', '1', '1'),
('2', '2', '2'),
('3', '3', '3'),
('4', '4', '4'),
('5', '5', '5'),
('6', '6', '6'),
('7', '7', '7'),
('8', '8', '8'),
('9', '9', '9'),
('10', '10', '10');

INSERT INTO friend_requests (`initiator_user_id`, `target_user_id`, `status`, `requested_at`, `updated_at`) 
VALUES 
('1', '1', 'declined', '1981-02-08 02:19:08', '1999-11-27 02:28:18'),
('2', '2', 'declined', '1972-11-27 20:11:47', '1976-06-16 04:31:32'),
('3', '3', 'requested', '2017-01-05 22:45:15', '2016-12-10 18:18:02'),
('4', '4', 'requested', '2009-03-11 04:14:07', '1983-07-26 22:42:55'),
('5', '5', 'unfriended', '1978-06-30 05:05:28', '1980-08-13 18:53:30'),
('6', '6', 'unfriended', '2018-06-16 01:59:40', '2019-10-17 23:04:06'),
('7', '7', 'declined', '2018-06-18 01:07:09', '2006-10-01 16:24:52'),
('8', '8', 'unfriended', '1979-03-18 01:56:31', '2007-09-07 07:33:06'),
('9', '9', 'approved', '2003-07-31 05:16:55', '2015-02-18 00:13:38'),
('10', '10', 'approved', '1987-04-10 07:58:07', '1996-05-08 11:39:02');

-- не понимаю почему не срабатывает, SQL ругается: SQL Error [3819] [HY000]: Check constraint 'friend_requests_chk_1' is violated.
-- и cmd перестала работать, выбрасыввает при вводе пароля..



ALTER TABLE vk.profiles
ADD COLUMN is_active BIT DEFAULT 1;

update profiles
set is_active = 0
where (birthday + INTERVAL 18 YEAR) > now();

select *
from profiles
where is_active = 0
order by birthday;

/*
select *
from profiles
where is_active = 1
order by birthday;
*/
INSERT INTO messages (`id`, `from_user_id`, `to_user_id`, `body`, `created_at`) 
VALUES
('11', '4', '10', 'In velit quod accusamus est voluptates aut iure. Ut reiciendis molestiae suscipit et ipsam. Pariatur sit asperiores aut doloremque eos.', '2021-03-21 05:01:23');


delete from messages
where DATE(created_at) > CURRENT_TIMESTAMP();

	



